id,path,"run_name","run_remark","design.area","design.area.always_on","design.area.blackbox","design.area.buffer","design.area.combinatorial","design.area.icg","design.area.inverter","design.area.io","design.area.iso_ls","design.area.isolation","design.area.latch","design.area.level_shifter","design.area.logical","design.area.macro","design.area.physical","design.area.power_switch","design.area.register","design.area.sequential","design.area.std_cell","design.datapath.area.type:datapath_modules","design.datapath.area.type:external_muxes","design.datapath.area.type:others","design.datapath.area.type:total","design.datapath.ratio.type:datapath_modules","design.datapath.ratio.type:external_muxes","design.datapath.ratio.type:others","design.datapath.ratio.type:total","design.density","design.instances","design.instances.always_on","design.instances.area_io","design.instances.blackbox","design.instances.buffer","design.instances.combinatorial","design.instances.icg","design.instances.inverter","design.instances.io","design.instances.iso_ls","design.instances.isolation","design.instances.latch","design.instances.level_shifter","design.instances.logical","design.instances.macro","design.instances.physical","design.instances.power_switch","design.instances.register","design.instances.sequential","design.instances.std_cell","design.multibit.avg_width","design.multibit.count","design.multibit.coverage","design.name","design.nets.global","design.nets.signal","design.power_domains","flow.branch","flow.cputime","flow.cputime.not_child","flow.cputime.total","flow.cputime.user","flow.cputime.user.not_child","flow.cputime.user.total","flow.db.post","flow.db.starting","flow.exclude_time_metric","flow.last_child_snapshot","flow.log","flow.machine","flow.machine.cpu.frequency","flow.machine.cpu.model","flow.machine.cpu.number","flow.machine.hostname","flow.machine.load","flow.machine.memory.free","flow.machine.memory.total","flow.machine.os","flow.machine.swap.free","flow.machine.swap.total","flow.memory","flow.memory.instant","flow.memory.resident","flow.memory.resident.instant","flow.memory.resident.peak","flow.memory.resident.peak.instant","flow.realtime","flow.realtime.not_child","flow.realtime.self_slice","flow.realtime.slices","flow.realtime.total","flow.root_config","flow.run_directory","flow.step.tcl","flow.template.type","flow.tool.name","flow.tool.name.short","flow.tool.version","flow.tool_list","flow.user","messages","messages.instant","metric.version","metric.version.instant","name","power","power.cg.activity_saving","power.cg.clock_gates","power.cg.clock_gates.genus","power.cg.clock_gates.user","power.cg.gated_bits","power.cg.gated_bits.genus","power.cg.gated_bits.pct","power.cg.gated_bits.user","power.cg.gated_flops","power.cg.gated_flops.genus","power.cg.gated_flops.pct","power.cg.gated_flops.user","power.cg.ungated_bits","power.cg.ungated_bits.pct","power.cg.ungated_flops","power.cg.ungated_flops.pct","power.dynamic","power.dynamic.analysis_view","power.dynamic.type:combinatorial","power.dynamic.type:io","power.dynamic.type:macro","power.dynamic.type:sequential","power.engine","power.internal","power.internal.total","power.internal.type:combinatorial","power.internal.type:io","power.internal.type:macro","power.internal.type:sequential","power.leakage","power.leakage.analysis_view","power.leakage.total","power.leakage.type:combinatorial","power.leakage.type:io","power.leakage.type:macro","power.leakage.type:sequential","power.switching","power.switching.total","power.switching.type:combinatorial","power.switching.type:io","power.switching.type:macro","power.switching.type:sequential","power.total","timing.analysis_views.all","timing.analysis_views.all.number","timing.drv.max_cap.total","timing.drv.max_fanout.total","timing.drv.max_tran.total","timing.hold.analysis_views","timing.hold.analysis_views.number","timing.setup.analysis_views","timing.setup.analysis_views.active","timing.setup.analysis_views.active.number","timing.setup.analysis_views.enabled","timing.setup.analysis_views.enabled.number","timing.setup.analysis_views.number","timing.setup.feps","timing.setup.feps.analysis_view:func_ssg_slowv_m40c_cw_T","timing.setup.feps.analysis_view:func_ssg_slowv_m40c_rcw_T","timing.setup.feps.analysis_view:func_tt_typv_25c_cw_T","timing.setup.feps.analysis_view:func_tt_typv_25c_rcw_T","timing.setup.feps.analysis_view:func_tt_typv_25c_typ","timing.setup.feps.path_group:in2out","timing.setup.feps.path_group:in2out.analysis_view:func_ssg_slowv_m40c_cw_T","timing.setup.feps.path_group:in2out.analysis_view:func_ssg_slowv_m40c_rcw_T","timing.setup.feps.path_group:in2out.analysis_view:func_tt_typv_25c_cw_T","timing.setup.feps.path_group:in2out.analysis_view:func_tt_typv_25c_rcw_T","timing.setup.feps.path_group:in2out.analysis_view:func_tt_typv_25c_typ","timing.setup.feps.path_group:in2reg","timing.setup.feps.path_group:in2reg.analysis_view:func_ssg_slowv_m40c_cw_T","timing.setup.feps.path_group:in2reg.analysis_view:func_ssg_slowv_m40c_rcw_T","timing.setup.feps.path_group:in2reg.analysis_view:func_tt_typv_25c_cw_T","timing.setup.feps.path_group:in2reg.analysis_view:func_tt_typv_25c_rcw_T","timing.setup.feps.path_group:in2reg.analysis_view:func_tt_typv_25c_typ","timing.setup.feps.path_group:reg2out","timing.setup.feps.path_group:reg2out.analysis_view:func_ssg_slowv_m40c_cw_T","timing.setup.feps.path_group:reg2out.analysis_view:func_ssg_slowv_m40c_rcw_T","timing.setup.feps.path_group:reg2out.analysis_view:func_tt_typv_25c_cw_T","timing.setup.feps.path_group:reg2out.analysis_view:func_tt_typv_25c_rcw_T","timing.setup.feps.path_group:reg2out.analysis_view:func_tt_typv_25c_typ","timing.setup.feps.path_group:reg2reg","timing.setup.feps.path_group:reg2reg.analysis_view:func_ssg_slowv_m40c_cw_T","timing.setup.feps.path_group:reg2reg.analysis_view:func_ssg_slowv_m40c_rcw_T","timing.setup.feps.path_group:reg2reg.analysis_view:func_tt_typv_25c_cw_T","timing.setup.feps.path_group:reg2reg.analysis_view:func_tt_typv_25c_rcw_T","timing.setup.feps.path_group:reg2reg.analysis_view:func_tt_typv_25c_typ","timing.setup.tns","timing.setup.tns.analysis_view:func_ssg_slowv_m40c_cw_T","timing.setup.tns.analysis_view:func_ssg_slowv_m40c_rcw_T","timing.setup.tns.analysis_view:func_tt_typv_25c_cw_T","timing.setup.tns.analysis_view:func_tt_typv_25c_rcw_T","timing.setup.tns.analysis_view:func_tt_typv_25c_typ","timing.setup.tns.path_group:in2out","timing.setup.tns.path_group:in2out.analysis_view:func_ssg_slowv_m40c_cw_T","timing.setup.tns.path_group:in2out.analysis_view:func_ssg_slowv_m40c_rcw_T","timing.setup.tns.path_group:in2out.analysis_view:func_tt_typv_25c_cw_T","timing.setup.tns.path_group:in2out.analysis_view:func_tt_typv_25c_rcw_T","timing.setup.tns.path_group:in2out.analysis_view:func_tt_typv_25c_typ","timing.setup.tns.path_group:in2reg","timing.setup.tns.path_group:in2reg.analysis_view:func_ssg_slowv_m40c_cw_T","timing.setup.tns.path_group:in2reg.analysis_view:func_ssg_slowv_m40c_rcw_T","timing.setup.tns.path_group:in2reg.analysis_view:func_tt_typv_25c_cw_T","timing.setup.tns.path_group:in2reg.analysis_view:func_tt_typv_25c_rcw_T","timing.setup.tns.path_group:in2reg.analysis_view:func_tt_typv_25c_typ","timing.setup.tns.path_group:reg2out","timing.setup.tns.path_group:reg2out.analysis_view:func_ssg_slowv_m40c_cw_T","timing.setup.tns.path_group:reg2out.analysis_view:func_ssg_slowv_m40c_rcw_T","timing.setup.tns.path_group:reg2out.analysis_view:func_tt_typv_25c_cw_T","timing.setup.tns.path_group:reg2out.analysis_view:func_tt_typv_25c_rcw_T","timing.setup.tns.path_group:reg2out.analysis_view:func_tt_typv_25c_typ","timing.setup.tns.path_group:reg2reg","timing.setup.tns.path_group:reg2reg.analysis_view:func_ssg_slowv_m40c_cw_T","timing.setup.tns.path_group:reg2reg.analysis_view:func_ssg_slowv_m40c_rcw_T","timing.setup.tns.path_group:reg2reg.analysis_view:func_tt_typv_25c_cw_T","timing.setup.tns.path_group:reg2reg.analysis_view:func_tt_typv_25c_rcw_T","timing.setup.tns.path_group:reg2reg.analysis_view:func_tt_typv_25c_typ","timing.setup.type","timing.setup.wns","timing.setup.wns.analysis_view:func_ssg_slowv_m40c_cw_T","timing.setup.wns.analysis_view:func_ssg_slowv_m40c_rcw_T","timing.setup.wns.analysis_view:func_tt_typv_25c_cw_T","timing.setup.wns.analysis_view:func_tt_typv_25c_rcw_T","timing.setup.wns.analysis_view:func_tt_typv_25c_typ","timing.setup.wns.path_group:in2out","timing.setup.wns.path_group:in2out.analysis_view:func_ssg_slowv_m40c_cw_T","timing.setup.wns.path_group:in2out.analysis_view:func_ssg_slowv_m40c_rcw_T","timing.setup.wns.path_group:in2out.analysis_view:func_tt_typv_25c_cw_T","timing.setup.wns.path_group:in2out.analysis_view:func_tt_typv_25c_rcw_T","timing.setup.wns.path_group:in2out.analysis_view:func_tt_typv_25c_typ","timing.setup.wns.path_group:in2reg","timing.setup.wns.path_group:in2reg.analysis_view:func_ssg_slowv_m40c_cw_T","timing.setup.wns.path_group:in2reg.analysis_view:func_ssg_slowv_m40c_rcw_T","timing.setup.wns.path_group:in2reg.analysis_view:func_tt_typv_25c_cw_T","timing.setup.wns.path_group:in2reg.analysis_view:func_tt_typv_25c_rcw_T","timing.setup.wns.path_group:in2reg.analysis_view:func_tt_typv_25c_typ","timing.setup.wns.path_group:reg2out","timing.setup.wns.path_group:reg2out.analysis_view:func_ssg_slowv_m40c_cw_T","timing.setup.wns.path_group:reg2out.analysis_view:func_ssg_slowv_m40c_rcw_T","timing.setup.wns.path_group:reg2out.analysis_view:func_tt_typv_25c_cw_T","timing.setup.wns.path_group:reg2out.analysis_view:func_tt_typv_25c_rcw_T","timing.setup.wns.path_group:reg2out.analysis_view:func_tt_typv_25c_typ","timing.setup.wns.path_group:reg2reg","timing.setup.wns.path_group:reg2reg.analysis_view:func_ssg_slowv_m40c_cw_T","timing.setup.wns.path_group:reg2reg.analysis_view:func_ssg_slowv_m40c_rcw_T","timing.setup.wns.path_group:reg2reg.analysis_view:func_tt_typv_25c_cw_T","timing.setup.wns.path_group:reg2reg.analysis_view:func_tt_typv_25c_rcw_T","timing.setup.wns.path_group:reg2reg.analysis_view:func_tt_typv_25c_typ","timing.setup.worst_path.capture_clock","timing.setup.worst_path.frequency","timing.setup.worst_path.launch_clock","timing.setup.worst_path.view","uuid"
"","syn_generic/block_start","","",,,,,,,,,,,,,,,,,,,,,,,,,,,,,,,,,,,,,,,,,,,,,,,,,,,,,,,,"default","12","12","12","12","12","12",,,,,"/app/share/build/gcd-genus-syn/cadence-genus-syn-generic-1699496753680/outputs/syn_generic.log","cadence-genus-syn-generic-1699496753680-ene1lyde","2899.978 Mhz","Intel(R) Xeon(R) Platinum 8375C CPU @ 2.90GHz","8","cadence-genus-syn-generic-1699496753680-ene1lyde","0.65","4457228 kB","15991180 kB","Linux 3.10.0-1160.36.2.el7.x86_64","31859324 kB","33554428 kB","227 MB","227 MB","227 MB","227 MB","230 MB","230 MB","12","12","1699509290.0 1699509302.0","{1699509290.0 1699509302.0}","12",,"/app/share/build/gcd-genus-syn/cadence-genus-syn-generic-1699496753680","","block","Genus(TM) Synthesis Solution","genus","22.13-s093_1","genus-22.13-s093_1","silimate",,,"1","1","block_start",,,,,,,,,,,,,,,,,,,,,,,,,,,,,,,,,,,,,,,,,,,,,,,,,,,,,,,,,,,,,,,,,,,,,,,,,,,,,,,,,,,,,,,,,,,,,,,,,,,,,,,,,,,,,,,,,,,,,,,,,,,,,,,,,,,,,,,,,,,,,,,,,,,,,,,,,"202e4d31-8186-4813-89dc-d4cf9b516869"
"","syn_generic/init_elaborate","","",,,,,,,,,,,,,,,,,,,,,,,,,,,,,,,,,,,,,,,,,,,,,,,,,,,,,,,,"default","0","0","12","0","0","12",,,,,"/app/share/build/gcd-genus-syn/cadence-genus-syn-generic-1699496753680/outputs/syn_generic.log","cadence-genus-syn-generic-1699496753680-ene1lyde","2899.978 Mhz","Intel(R) Xeon(R) Platinum 8375C CPU @ 2.90GHz","8","cadence-genus-syn-generic-1699496753680-ene1lyde","0.68","4454180 kB","15991180 kB","Linux 3.10.0-1160.36.2.el7.x86_64","31859324 kB","33554428 kB","225 MB","225 MB","225 MB","225 MB","230 MB","230 MB","0","0","1699509302.0 1699509302.0","{1699509302.0 1699509302.0}","12",,"/app/share/build/gcd-genus-syn/cadence-genus-syn-generic-1699496753680","# HDL attributes [get_db -category hdl]
  #-------------------------------------------------------------------------------
  set_db init_hdl_search_path             inputs/rtl/","block","Genus(TM) Synthesis Solution","genus","22.13-s093_1","genus-22.13-s093_1","silimate",,,"1","1","init_elaborate",,,,,,,,,,,,,,,,,,,,,,,,,,,,,,,,,,,,,,,,,,,,,,,,,,,,,,,,,,,,,,,,,,,,,,,,,,,,,,,,,,,,,,,,,,,,,,,,,,,,,,,,,,,,,,,,,,,,,,,,,,,,,,,,,,,,,,,,,,,,,,,,,,,,,,,,,"7ee5f5d4-d2f0-417b-98b4-7406a148f0ab"
"","syn_generic/init_design/elaborate","","",,,,,,,,,,,,,,,,,,,,,,,,,,,,,,,,,,,,,,,,,,,,,,,,,,,,,,,,"default","38","38","50","38","38","50",,,,,,,,,,,"2.34",,,,,,"737 MB","737 MB","737 MB","737 MB","832 MB","832 MB","15","15","1699509302.0 1699509317.0","{1699509302.0 1699509317.0}","27",,,,,,,,,,,,"1","1","elaborate",,,,,,,,,,,,,,,,,,,,,,,,,,,,,,,,,,,,,,,,,,,,,,,,,,,,,,,,,,,,,,,,,,,,,,,,,,,,,,,,,,,,,,,,,,,,,,,,,,,,,,,,,,,,,,,,,,,,,,,,,,,,,,,,,,,,,,,,,,,,,,,,,,,,,,,,,"849078d6-f0b9-41d6-a601-f6855c07be33"
"","syn_generic/init_design","","",,,,,,,,,,,,,,,,,,,,,,,,,,,,,,,,,,,,,,,,,,,,,,,,,,,,"gcd",,,,"default","156","118","168","156","118","168","rc /app/share/build/gcd-genus-syn/cadence-genus-syn-generic-1699496753680/dbs/syn_generic.init_design.db gcd {}",,,"elaborate","/app/share/build/gcd-genus-syn/cadence-genus-syn-generic-1699496753680/outputs/syn_generic.log","cadence-genus-syn-generic-1699496753680-ene1lyde","2899.978 Mhz","Intel(R) Xeon(R) Platinum 8375C CPU @ 2.90GHz","8","cadence-genus-syn-generic-1699496753680-ene1lyde","5.84","2811016 kB","15991180 kB","Linux 3.10.0-1160.36.2.el7.x86_64","31859324 kB","33554428 kB","1208 MB","1208 MB","1208 MB","1208 MB","2498 MB","2498 MB","53","38","1699509302.0 1699509355.0","{1699509302.0 1699509355.0}","65",,"/app/share/build/gcd-genus-syn/cadence-genus-syn-generic-1699496753680","#- setup library information
  read_mmmc             [get_db init_flow_directory]/mmmc_config.tcl
  # read_physical         inputs/design.def
  
  #- read and elaborate design
  read_hdl              -f inputs/rtl/design.f
  elaborate             gcd
  
  #- optionally setup power intent from UPF/CPF/1801
  # read_power_intent     inputs/upf/design.upf
  
  #- initialize library and design information
  init_design","block","Genus(TM) Synthesis Solution","genus","22.13-s093_1","genus-22.13-s093_1","silimate","{count 560 id message:LBR/LBR-518 severity Info short {Missing a function attribute in the output pin definition.}} {count 856 id message:LBR/LBR-40 severity Info short {An unsupported construct was detected in this library.}} {count 404 id message:LBR/LBR-9 severity Warning short {Library cell has no output pins defined.}} {count 880 id message:LBR/LBR-41 severity Info short {An output library pin lacks a function attribute.}} {count 26 id message:LBR/LBR-412 severity Info short {Created nominal operating condition.}} {count 2 id message:LBR/LBR-403 severity Warning short {Ignoring unsupported lu_table_template.}} {count 4 id message:LBR/LBR-158 severity Warning short {Libcell will be treated as a timing model.}} {count 1 id message:LBR/LBR-161 severity Info short {Setting the maximum print count of this message to 10 if information_level is less than 9.}} {count 1226 id message:LBR/LBR-162 severity Info short {Both 'pos_unate' and 'neg_unate' timing_sense arcs have been processed.}} {count 648 id message:LBR/LBR-155 severity Info short {Mismatch in unateness between 'timing_sense' attribute and the function.}} {count 40 id message:LBR/LBR-72 severity Info short {Detected an unsupported timing arc type.}} {count 264 id message:LBR/LBR-146 severity Warning short {The specified pin is invalid.}} {count 1 id message:LBR/LBR-109 severity Info short {Set default library domain.}} {count 2 id message:PHYS/PHYS-1213 severity Error short {Exception occurred while generating capacitance data from technology file.}} {count 1 id message:ELAB/ELAB-1 severity Info short {Elaborating Design.}} {count 9 id message:ELAB/ELAB-2 severity Info short {Elaborating Subdesign.}} {count 1 id message:ELAB/ELAB-3 severity Info short {Done Elaborating Design.}} {count 6 id message:CWD/CWD-19 severity Info short {An implementation was inferred.}} {count 3 id message:VLOGPT/VLOGPT-679 severity Info short {Definition of macro.}} {count 2 id message:CDFG/CDFG-250 severity Info short {Processing multi-dimensional arrays.}} {count 10 id message:CDFG/CDFG-303 severity Info short {Processing HDL design.}} {count 27 id message:CDFG/CDFG-372 severity Info short {Bitwidth mismatch in assignment.}} {count 10 id message:CDFG/CDFG-425 severity Info short {Instantiated design.}} {count 10 id message:CDFG/CDFG-426 severity Info short {Searching for library cell.}} {count 1 id message:CDFG/CDFG-478 severity Info short {Converting if statement to equivalent case statement.}} {count 11 id message:CDFG/CDFG-500 severity Info short {Unused module input port.}} {count 1 id message:CDFG/CDFG-508 severity Warning short {Removing unused register.}} {count 10 id message:CDFG/CDFG-742 severity Info short {Common subexpression elimination.}} {count 1 id message:CDFG/CDFG-755 severity Info short {Combined sum-of-products logic.}} {count 1 id message:CDFG/CDFG-769 severity Info short {Identified sum-of-products logic to be optimized during syn_generic.}} {count 2 id message:CDFG/CDFG-773 severity Info short {Skip related conditional write and read sequence.}} {count 10 id message:CDFG2G/CDFG2G-110 severity Info short {Finished processing module.}}","{count 560 id message:LBR/LBR-518 severity Info short {Missing a function attribute in the output pin definition.}} {count 856 id message:LBR/LBR-40 severity Info short {An unsupported construct was detected in this library.}} {count 404 id message:LBR/LBR-9 severity Warning short {Library cell has no output pins defined.}} {count 880 id message:LBR/LBR-41 severity Info short {An output library pin lacks a function attribute.}} {count 26 id message:LBR/LBR-412 severity Info short {Created nominal operating condition.}} {count 2 id message:LBR/LBR-403 severity Warning short {Ignoring unsupported lu_table_template.}} {count 4 id message:LBR/LBR-158 severity Warning short {Libcell will be treated as a timing model.}} {count 1 id message:LBR/LBR-161 severity Info short {Setting the maximum print count of this message to 10 if information_level is less than 9.}} {count 1226 id message:LBR/LBR-162 severity Info short {Both 'pos_unate' and 'neg_unate' timing_sense arcs have been processed.}} {count 648 id message:LBR/LBR-155 severity Info short {Mismatch in unateness between 'timing_sense' attribute and the function.}} {count 40 id message:LBR/LBR-72 severity Info short {Detected an unsupported timing arc type.}} {count 264 id message:LBR/LBR-146 severity Warning short {The specified pin is invalid.}} {count 1 id message:LBR/LBR-109 severity Info short {Set default library domain.}} {count 2 id message:PHYS/PHYS-1213 severity Error short {Exception occurred while generating capacitance data from technology file.}} {count 1 id message:ELAB/ELAB-1 severity Info short {Elaborating Design.}} {count 9 id message:ELAB/ELAB-2 severity Info short {Elaborating Subdesign.}} {count 1 id message:ELAB/ELAB-3 severity Info short {Done Elaborating Design.}} {count 6 id message:CWD/CWD-19 severity Info short {An implementation was inferred.}} {count 3 id message:VLOGPT/VLOGPT-679 severity Info short {Definition of macro.}} {count 2 id message:CDFG/CDFG-250 severity Info short {Processing multi-dimensional arrays.}} {count 10 id message:CDFG/CDFG-303 severity Info short {Processing HDL design.}} {count 27 id message:CDFG/CDFG-372 severity Info short {Bitwidth mismatch in assignment.}} {count 10 id message:CDFG/CDFG-425 severity Info short {Instantiated design.}} {count 10 id message:CDFG/CDFG-426 severity Info short {Searching for library cell.}} {count 1 id message:CDFG/CDFG-478 severity Info short {Converting if statement to equivalent case statement.}} {count 11 id message:CDFG/CDFG-500 severity Info short {Unused module input port.}} {count 1 id message:CDFG/CDFG-508 severity Warning short {Removing unused register.}} {count 10 id message:CDFG/CDFG-742 severity Info short {Common subexpression elimination.}} {count 1 id message:CDFG/CDFG-755 severity Info short {Combined sum-of-products logic.}} {count 1 id message:CDFG/CDFG-769 severity Info short {Identified sum-of-products logic to be optimized during syn_generic.}} {count 2 id message:CDFG/CDFG-773 severity Info short {Skip related conditional write and read sequence.}} {count 10 id message:CDFG2G/CDFG2G-110 severity Info short {Finished processing module.}}","1","1","init_design",,,,,,,,,,,,,,,,,,,,,,,,,,,,,,,,,,,,,,,,,,,,,,,,,,,,,,,,,,,,,,,,,,,,,,,,,,,,,,,,,,,,,,,,,,,,,,,,,,,,,,,,,,,,,,,,,,,,,,,,,,,,,,,,,,,,,,,,,,,,,,,,,,,,,,,,,"1eb08abf-742f-4ff6-8905-20739219cae1"
"","syn_generic/init_genus","","",,,,,,,,,,,,,,,,,,,,,,,,,,,,,,,,,,,,,,,,,,,,,,,,,,,,"gcd",,,,"default","1","1","169","1","1","169",,"rc /app/share/build/gcd-genus-syn/cadence-genus-syn-generic-1699496753680/dbs/syn_generic.init_design.db gcd {}",,,"/app/share/build/gcd-genus-syn/cadence-genus-syn-generic-1699496753680/outputs/syn_generic.log","cadence-genus-syn-generic-1699496753680-ene1lyde","2899.978 Mhz","Intel(R) Xeon(R) Platinum 8375C CPU @ 2.90GHz","8","cadence-genus-syn-generic-1699496753680-ene1lyde","5.84","2846580 kB","15991180 kB","Linux 3.10.0-1160.36.2.el7.x86_64","31859324 kB","33554428 kB","1208 MB","1208 MB","1208 MB","1208 MB","2498 MB","2498 MB","1","1","1699509355.0 1699509356.0","{1699509355.0 1699509356.0}","66",,"/app/share/build/gcd-genus-syn/cadence-genus-syn-generic-1699496753680","# Timing attributes  [get_db -category tim]
  #-------------------------------------------------------------------------------
  set_db ocv_mode                         true
  # Optimization attributes  [get_db -category netlist]
  #-------------------------------------------------------------------------------
  
  # Datapath attributes  [get_db -category dp]
  #-------------------------------------------------------------------------------
  
  # Leakage Power attributes  [get_db -category lp_opt lib_ui]
  #-------------------------------------------------------------------------------
  
  # Physical Synthesis attributes  [get_db -category phys]
  #-------------------------------------------------------------------------------
  set_db design_process_node              22","block","Genus(TM) Synthesis Solution","genus","22.13-s093_1","genus-22.13-s093_1","silimate",,,"1","1","init_genus",,,,,,,,,,,,,,,,,,,,,,,,,,,,,,,,,,,,,,,,,,,,,,,,,,,,,,,,,,,,,,,,,,,,,,,,,,,,,,,,,,,,,,,,,,,,,,,,,,,,,,,,,,,,,,,,,,,,,,,,,,,,,,,,,,,,,,,,,,,,,,,,,,,,,,,,,"8c1c6459-74f7-4eba-bb0f-9c6c3e7cc2dd"
"","syn_generic/commit_power_intent","","",,,,,,,,,,,,,,,,,,,,,,,,,,,,,,,,,,,,,,,,,,,,,,,,,,,,"gcd",,,,"default","0","0","169","0","0","169",,"rc /app/share/build/gcd-genus-syn/cadence-genus-syn-generic-1699496753680/dbs/syn_generic.init_design.db gcd {}",,,"/app/share/build/gcd-genus-syn/cadence-genus-syn-generic-1699496753680/outputs/syn_generic.log","cadence-genus-syn-generic-1699496753680-ene1lyde","2899.978 Mhz","Intel(R) Xeon(R) Platinum 8375C CPU @ 2.90GHz","8","cadence-genus-syn-generic-1699496753680-ene1lyde","5.84","2842740 kB","15991180 kB","Linux 3.10.0-1160.36.2.el7.x86_64","31859324 kB","33554428 kB","1207 MB","1207 MB","1207 MB","1207 MB","2498 MB","2498 MB","0","0","1699509356.0 1699509356.0","{1699509356.0 1699509356.0}","66",,"/app/share/build/gcd-genus-syn/cadence-genus-syn-generic-1699496753680","if {[join [dict values [get_db init_power_intent_files]]] ne {}} {
    #- apply power intent rules
    if {[is_flow -quiet -inside flow:syn_generic] || [is_flow -quiet -inside flow:syn_map] || [is_flow -quiet -inside flow:syn_opt]} {
      apply_power_intent -summary
    }
  
    #- commit power intent rules
    commit_power_intent
  }","block","Genus(TM) Synthesis Solution","genus","22.13-s093_1","genus-22.13-s093_1","silimate",,,"1","1","commit_power_intent",,,,,,,,,,,,,,,,,,,,,,,,,,,,,,,,,,,,,,,,,,,,,,,,,,,,,,,,,,,,,,,,,,,,,,,,,,,,,,,,,,,,,,,,,,,,,,,,,,,,,,,,,,,,,,,,,,,,,,,,,,,,,,,,,,,,,,,,,,,,,,,,,,,,,,,,,"49d54267-4f11-4e63-b571-af1338d71ec1"
"","syn_generic/run_syn_generic/syn_gen","","","494.017458","0","0","0","0","0","0","0","0.00","0.00","0","0.00","494.017458","0","0","0","0","0","494.017458",,,,,,,,,"0","482","0","0","0","0","-1","0","1","0","0","0","0","0","482","0","0","0","0","0","482","1.00","0","0.00","gcd","0","518","","default","29","29","198","29","29","198",,,,,,,,,,,"3.93",,,,,,"1595 MB","1595 MB","1595 MB","1595 MB","2498 MB","2498 MB","28","28","1699509356.0 1699509384.0","{1699509356.0 1699509384.0}","94",,,,,,,,,,,,"1","1","syn_gen",,,,,,,,,,,,,,,,,,,,,,,,,,,,,,,,,,,,,,,,,,,,,"func_tt_typv_25c_typ func_tt_typv_25c_cb func_tt_typv_25c_cb_T func_tt_typv_25c_rcb func_tt_typv_25c_rcb_T func_tt_typv_25c_cw func_tt_typv_25c_cw_T func_tt_typv_25c_rcw func_tt_typv_25c_rcw_T func_tt_typv_85c_cw_T func_tt_typv_85c_rcw_T func_ssg_slowv_125c_typ func_ssg_slowv_125c_cb func_ssg_slowv_125c_cb_T func_ssg_slowv_125c_cw func_ssg_slowv_125c_cw_T func_ssg_slowv_125c_rcb func_ssg_slowv_125c_rcb_T func_ssg_slowv_125c_rcw func_ssg_slowv_125c_rcw_T func_ssg_slowv_0c_typ func_ssg_slowv_0c_cb func_ssg_slowv_0c_cb_T func_ssg_slowv_0c_cw func_ssg_slowv_0c_cw_T func_ssg_slowv_0c_rcb func_ssg_slowv_0c_rcb_T func_ssg_slowv_0c_rcw func_ssg_slowv_0c_rcw_T func_ssg_slowv_m40c_typ func_ssg_slowv_m40c_cb func_ssg_slowv_m40c_cb_T func_ssg_slowv_m40c_cw func_ssg_slowv_m40c_cw_T func_ssg_slowv_m40c_rcb func_ssg_slowv_m40c_rcb_T func_ssg_slowv_m40c_rcw func_ssg_slowv_m40c_rcw_T func_ffg_fastv_125c_typ func_ffg_fastv_125c_cb func_ffg_fastv_125c_cb_T func_ffg_fastv_125c_rcb func_ffg_fastv_125c_rcb_T func_ffg_fastv_125c_cw func_ffg_fastv_125c_cw_T func_ffg_fastv_125c_rcw func_ffg_fastv_125c_rcw_T func_ffg_fastv_0c_typ func_ffg_fastv_0c_cb func_ffg_fastv_0c_cb_T func_ffg_fastv_0c_rcb func_ffg_fastv_0c_rcb_T func_ffg_fastv_0c_cw func_ffg_fastv_0c_cw_T func_ffg_fastv_0c_rcw func_ffg_fastv_0c_rcw_T func_ffg_fastv_m40c_typ func_ffg_fastv_m40c_cb func_ffg_fastv_m40c_cb_T func_ffg_fastv_m40c_rcb func_ffg_fastv_m40c_rcb_T func_ffg_fastv_m40c_cw func_ffg_fastv_m40c_cw_T func_ffg_fastv_m40c_rcw func_ffg_fastv_m40c_rcw_T","65",,,,,,,"func_tt_typv_25c_typ func_tt_typv_25c_cw_T func_tt_typv_25c_rcw_T func_ssg_slowv_m40c_cw_T func_ssg_slowv_m40c_rcw_T","5","func_tt_typv_25c_typ func_tt_typv_25c_cw_T func_tt_typv_25c_rcw_T func_ssg_slowv_m40c_cw_T func_ssg_slowv_m40c_rcw_T","5",,,,,,,,,,,,,,,,,,,,,,,,,,,,,,,,,,,,,,,,,,,,,,,,,,,,,,,,,,,,,,,,,,,,,,,,,,,,,,,,,,,,,,,,,,,,,,,,,"82804e99-ca68-4402-9046-9010e5f07e1f"
"","syn_generic/run_syn_generic","","","494.017458","0","0","0","0","0","0","0","0.00","0.00","0","0.00","494.017458","0","0","0","0","0","494.017458",,,,,,,,,"0","482","0","0","0","0","-1","0","1","0","0","0","0","0","482","0","0","0","0","0","482","1.00","0","0.00","gcd","0","518","","default","29","0","198","29","0","198",,"rc /app/share/build/gcd-genus-syn/cadence-genus-syn-generic-1699496753680/dbs/syn_generic.init_design.db gcd {}",,"syn_gen","/app/share/build/gcd-genus-syn/cadence-genus-syn-generic-1699496753680/outputs/syn_generic.log","cadence-genus-syn-generic-1699496753680-ene1lyde","2899.978 Mhz","Intel(R) Xeon(R) Platinum 8375C CPU @ 2.90GHz","8","cadence-genus-syn-generic-1699496753680-ene1lyde","3.93","2428720 kB","15991180 kB","Linux 3.10.0-1160.36.2.el7.x86_64","31859324 kB","33554428 kB","1599 MB","1599 MB","1599 MB","1599 MB","2498 MB","2498 MB","28","0","1699509356.0 1699509384.0","{1699509356.0 1699509384.0}","94",,"/app/share/build/gcd-genus-syn/cadence-genus-syn-generic-1699496753680","#- Synthesize to generic gates
  syn_generic","block","Genus(TM) Synthesis Solution","genus","22.13-s093_1","genus-22.13-s093_1","silimate","{count 3 id message:TUI/TUI-58 severity Info short {Removed object.}} {count 12 id message:LBR/LBR-158 severity Warning short {Libcell will be treated as a timing model.}} {count 1944 id message:LBR/LBR-155 severity Info short {Mismatch in unateness between 'timing_sense' attribute and the function.}} {count 120 id message:LBR/LBR-72 severity Info short {Detected an unsupported timing arc type.}} {count 11 id message:GLO/GLO-51 severity Info short {Hierarchical instance automatically ungrouped.}} {count 1 id message:TIM/TIM-1000 severity Info short {Multimode clock gating check is disabled.}} {count 8 id message:PHYS/PHYS-1213 severity Error short {Exception occurred while generating capacitance data from technology file.}} {count 1 id message:PHYS/PHYS-752 severity Info short {Partition Based Synthesis execution skipped.}} {count 1 id message:GB/GB-6 severity Info short {A datapath component has been ungrouped.}} {count 1 id message:DPOPT/DPOPT-1 severity Info short {Optimizing datapath logic.}} {count 1 id message:DPOPT/DPOPT-2 severity Info short {Done optimizing datapath logic.}} {count 1 id message:DPOPT/DPOPT-3 severity Info short {Implementing datapath configurations.}} {count 1 id message:DPOPT/DPOPT-4 severity Info short {Done implementing datapath configurations.}} {count 1 id message:DPOPT/DPOPT-6 severity Info short {Pre-processed datapath logic.}} {count 1 id message:SYNTH/SYNTH-2 severity Info short {Done synthesizing.}} {count 1 id message:SYNTH/SYNTH-1 severity Info short Synthesizing.} {count 3 id message:CWD/CWD-19 severity Info short {An implementation was inferred.}}","{count 3 id message:TUI/TUI-58 severity Info short {Removed object.}} {count 12 id message:LBR/LBR-158 severity Warning short {Libcell will be treated as a timing model.}} {count 1944 id message:LBR/LBR-155 severity Info short {Mismatch in unateness between 'timing_sense' attribute and the function.}} {count 120 id message:LBR/LBR-72 severity Info short {Detected an unsupported timing arc type.}} {count 11 id message:GLO/GLO-51 severity Info short {Hierarchical instance automatically ungrouped.}} {count 1 id message:TIM/TIM-1000 severity Info short {Multimode clock gating check is disabled.}} {count 8 id message:PHYS/PHYS-1213 severity Error short {Exception occurred while generating capacitance data from technology file.}} {count 1 id message:PHYS/PHYS-752 severity Info short {Partition Based Synthesis execution skipped.}} {count 1 id message:GB/GB-6 severity Info short {A datapath component has been ungrouped.}} {count 1 id message:DPOPT/DPOPT-1 severity Info short {Optimizing datapath logic.}} {count 1 id message:DPOPT/DPOPT-2 severity Info short {Done optimizing datapath logic.}} {count 1 id message:DPOPT/DPOPT-3 severity Info short {Implementing datapath configurations.}} {count 1 id message:DPOPT/DPOPT-4 severity Info short {Done implementing datapath configurations.}} {count 1 id message:DPOPT/DPOPT-6 severity Info short {Pre-processed datapath logic.}} {count 1 id message:SYNTH/SYNTH-2 severity Info short {Done synthesizing.}} {count 1 id message:SYNTH/SYNTH-1 severity Info short Synthesizing.} {count 3 id message:CWD/CWD-19 severity Info short {An implementation was inferred.}}","1","1","run_syn_generic",,,,,,,,,,,,,,,,,,,,,,,,,,,,,,,,,,,,,,,,,,,,,"func_tt_typv_25c_typ func_tt_typv_25c_cb func_tt_typv_25c_cb_T func_tt_typv_25c_rcb func_tt_typv_25c_rcb_T func_tt_typv_25c_cw func_tt_typv_25c_cw_T func_tt_typv_25c_rcw func_tt_typv_25c_rcw_T func_tt_typv_85c_cw_T func_tt_typv_85c_rcw_T func_ssg_slowv_125c_typ func_ssg_slowv_125c_cb func_ssg_slowv_125c_cb_T func_ssg_slowv_125c_cw func_ssg_slowv_125c_cw_T func_ssg_slowv_125c_rcb func_ssg_slowv_125c_rcb_T func_ssg_slowv_125c_rcw func_ssg_slowv_125c_rcw_T func_ssg_slowv_0c_typ func_ssg_slowv_0c_cb func_ssg_slowv_0c_cb_T func_ssg_slowv_0c_cw func_ssg_slowv_0c_cw_T func_ssg_slowv_0c_rcb func_ssg_slowv_0c_rcb_T func_ssg_slowv_0c_rcw func_ssg_slowv_0c_rcw_T func_ssg_slowv_m40c_typ func_ssg_slowv_m40c_cb func_ssg_slowv_m40c_cb_T func_ssg_slowv_m40c_cw func_ssg_slowv_m40c_cw_T func_ssg_slowv_m40c_rcb func_ssg_slowv_m40c_rcb_T func_ssg_slowv_m40c_rcw func_ssg_slowv_m40c_rcw_T func_ffg_fastv_125c_typ func_ffg_fastv_125c_cb func_ffg_fastv_125c_cb_T func_ffg_fastv_125c_rcb func_ffg_fastv_125c_rcb_T func_ffg_fastv_125c_cw func_ffg_fastv_125c_cw_T func_ffg_fastv_125c_rcw func_ffg_fastv_125c_rcw_T func_ffg_fastv_0c_typ func_ffg_fastv_0c_cb func_ffg_fastv_0c_cb_T func_ffg_fastv_0c_rcb func_ffg_fastv_0c_rcb_T func_ffg_fastv_0c_cw func_ffg_fastv_0c_cw_T func_ffg_fastv_0c_rcw func_ffg_fastv_0c_rcw_T func_ffg_fastv_m40c_typ func_ffg_fastv_m40c_cb func_ffg_fastv_m40c_cb_T func_ffg_fastv_m40c_rcb func_ffg_fastv_m40c_rcb_T func_ffg_fastv_m40c_cw func_ffg_fastv_m40c_cw_T func_ffg_fastv_m40c_rcw func_ffg_fastv_m40c_rcw_T","65",,,,,,,"func_tt_typv_25c_typ func_tt_typv_25c_cw_T func_tt_typv_25c_rcw_T func_ssg_slowv_m40c_cw_T func_ssg_slowv_m40c_rcw_T","5","func_tt_typv_25c_typ func_tt_typv_25c_cw_T func_tt_typv_25c_rcw_T func_ssg_slowv_m40c_cw_T func_ssg_slowv_m40c_rcw_T","5",,,,,,,,,,,,,,,,,,,,,,,,,,,,,,,,,,,,,,,,,,,,,,,,,,,,,,,,,,,,,,,,,,,,,,,,,,,,,,,,,,,,,,,,,,,,,,,,,"30edae60-7348-4768-87bf-cb5aeb804ade"
"","syn_generic/block_finish","","",,,,,,,,,,,,,,,,,,,,,,,,,,,,,,,,,,,,,,,,,,,,,,,,,,,,"gcd",,,,"default","1","1","199","1","1","199","rc /app/share/build/gcd-genus-syn/cadence-genus-syn-generic-1699496753680/dbs/syn_generic.db gcd {}","rc /app/share/build/gcd-genus-syn/cadence-genus-syn-generic-1699496753680/dbs/syn_generic.init_design.db gcd {}",,,"/app/share/build/gcd-genus-syn/cadence-genus-syn-generic-1699496753680/outputs/syn_generic.log","cadence-genus-syn-generic-1699496753680-ene1lyde","2899.978 Mhz","Intel(R) Xeon(R) Platinum 8375C CPU @ 2.90GHz","8","cadence-genus-syn-generic-1699496753680-ene1lyde","3.93","2428336 kB","15991180 kB","Linux 3.10.0-1160.36.2.el7.x86_64","31859324 kB","33554428 kB","1599 MB","1599 MB","1599 MB","1599 MB","2498 MB","2498 MB","0","0","1699509384.0 1699509384.0","{1699509384.0 1699509384.0}","94","base_name / cmd_file outputs/syn_generic.cmd command_log outputs/syn_generic.cmd elapsed_runtime 94 escaped_name {{}} init_state timing_initialized load_average 1.87 log_file outputs/syn_generic.log memory_usage 2978.97 name {{}} obj_type root peak_memory 3990.05 peak_physical_memory_usage 2502.0 physical_memory_usage 2294.2 platform_wordsize 64 program_name {Genus(TM) Synthesis Solution} program_version 22.13-s093_1 startup_license Genus_Synthesis stdout_log outputs/syn_generic.log tinfo_tstamp_file .rs_silimate.tstamp metric_enable true wireload_selection none current_design design:gcd ocv_mode true design_process_node 22 phys_assume_met_fill 0.0 read_qrc_tech_file_rc_corner true route_rules {{}} shrink_factor 0.855 init_hdl_search_path inputs/rtl/ flow_feature_values {setup_views {} hold_views {} dynamic_view {} leakage_view {}} flow_header_tcl {[long value truncated]} flow_hier_path flow:syn_generic flow_history {[long value truncated]} flow_include_files genus_config.tcl flow_metrics_snapshot_uuid 30edae60-7348-4768-87bf-cb5aeb804ade flow_plugin_steps {[long value truncated]} flow_report_name syn_generic flow_starting_db {rc /app/share/build/gcd-genus-syn/cadence-genus-syn-generic-1699496753680/dbs/syn_generic.init_design.db gcd {}} flow_step_canonical_current {tool genus flow flow:syn_generic canonical_path {.steps flow_step:block_finish} step flow_step:block_finish features {{setup_views {} hold_views {} dynamic_view {} leakage_view {}}} str block_finish} flow_step_current flow_step:block_finish flow_step_last flow_step:run_syn_generic flow_step_last_status success flow_step_next {[long value truncated]} flow_template_feature_definition {flow_express 0 report_inline 0 report_defer 0 report_none 0 report_clp 0 report_lec 0 use_common_db 0 dft_simple 0 dft_compressor 0 synth_hybrid 0 synth_ispatial 0} flow_template_tools genus flow_template_type block flow_template_version 1 flow_top flow:syn_generic flowtool_metrics_qor_vivid reports/qor.html","/app/share/build/gcd-genus-syn/cadence-genus-syn-generic-1699496753680","apply {{} {
    #- Make sure flow_report_name is reset from any reports executed during the flow
    set_db flow_report_name [get_db [lindex [get_db flow_hier_path] end] .name]
  
    #- Store non-default root attributes to metrics
    catch {report_obj -tcl} flow_root_config
    if {[dict exists $flow_root_config root:/]} {
      set flow_root_config [dict get $flow_root_config root:/]
    } elseif {[dict exists $flow_root_config root:]} {
      set flow_root_config [dict get $flow_root_config root:]
    } else {
    }
    foreach key [dict keys $flow_root_config] {
      if {[string length [dict get $flow_root_config $key]] > 200} {
        dict set flow_root_config $key ""\[long value truncated\]""
      }
    }
    set_metric -name flow.root_config -value $flow_root_config
  }}","block","Genus(TM) Synthesis Solution","genus","22.13-s093_1","genus-22.13-s093_1","silimate",,,"1","1","block_finish",,,,,,,,,,,,,,,,,,,,,,,,,,,,,,,,,,,,,,,,,,,,,,,,,,,,,,,,,,,,,,,,,,,,,,,,,,,,,,,,,,,,,,,,,,,,,,,,,,,,,,,,,,,,,,,,,,,,,,,,,,,,,,,,,,,,,,,,,,,,,,,,,,,,,,,,,"f160592a-b7cc-4996-b4e5-d4dacf777d93"
"","syn_generic","","","494.017458","0","0","0","0","0","0","0","0.00","0.00","0","0.00","494.017458","0","0","0","0","0","494.017458",,,,,,,,,"0","482","0","0","0","0","-1","0","1","0","0","0","0","0","482","0","0","0","0","0","482","1.00","0","0.00","gcd","0","518","","default","199","0","199","199","0","199","rc /app/share/build/gcd-genus-syn/cadence-genus-syn-generic-1699496753680/dbs/syn_generic.db gcd {}","rc /app/share/build/gcd-genus-syn/cadence-genus-syn-generic-1699496753680/dbs/syn_generic.init_design.db gcd {}",,"block_finish","/app/share/build/gcd-genus-syn/cadence-genus-syn-generic-1699496753680/outputs/syn_generic.log","cadence-genus-syn-generic-1699496753680-ene1lyde","2899.978 Mhz","Intel(R) Xeon(R) Platinum 8375C CPU @ 2.90GHz","8","cadence-genus-syn-generic-1699496753680-ene1lyde","0.65","2428336 kB","15991180 kB","Linux 3.10.0-1160.36.2.el7.x86_64","31859324 kB","33554428 kB","1599 MB","227 MB","1599 MB","227 MB","2498 MB","230 MB","94","0","1699509302.0 1699509302.0","{1699509290.0 1699509384.0}","94","base_name / cmd_file outputs/syn_generic.cmd command_log outputs/syn_generic.cmd elapsed_runtime 94 escaped_name {{}} init_state timing_initialized load_average 1.87 log_file outputs/syn_generic.log memory_usage 2978.97 name {{}} obj_type root peak_memory 3990.05 peak_physical_memory_usage 2502.0 physical_memory_usage 2294.2 platform_wordsize 64 program_name {Genus(TM) Synthesis Solution} program_version 22.13-s093_1 startup_license Genus_Synthesis stdout_log outputs/syn_generic.log tinfo_tstamp_file .rs_silimate.tstamp metric_enable true wireload_selection none current_design design:gcd ocv_mode true design_process_node 22 phys_assume_met_fill 0.0 read_qrc_tech_file_rc_corner true route_rules {{}} shrink_factor 0.855 init_hdl_search_path inputs/rtl/ flow_feature_values {setup_views {} hold_views {} dynamic_view {} leakage_view {}} flow_header_tcl {[long value truncated]} flow_hier_path flow:syn_generic flow_history {[long value truncated]} flow_include_files genus_config.tcl flow_metrics_snapshot_uuid 30edae60-7348-4768-87bf-cb5aeb804ade flow_plugin_steps {[long value truncated]} flow_report_name syn_generic flow_starting_db {rc /app/share/build/gcd-genus-syn/cadence-genus-syn-generic-1699496753680/dbs/syn_generic.init_design.db gcd {}} flow_step_canonical_current {tool genus flow flow:syn_generic canonical_path {.steps flow_step:block_finish} step flow_step:block_finish features {{setup_views {} hold_views {} dynamic_view {} leakage_view {}}} str block_finish} flow_step_current flow_step:block_finish flow_step_last flow_step:run_syn_generic flow_step_last_status success flow_step_next {[long value truncated]} flow_template_feature_definition {flow_express 0 report_inline 0 report_defer 0 report_none 0 report_clp 0 report_lec 0 use_common_db 0 dft_simple 0 dft_compressor 0 synth_hybrid 0 synth_ispatial 0} flow_template_tools genus flow_template_type block flow_template_version 1 flow_top flow:syn_generic flowtool_metrics_qor_vivid reports/qor.html","/app/share/build/gcd-genus-syn/cadence-genus-syn-generic-1699496753680",,"block","Genus(TM) Synthesis Solution","genus","22.13-s093_1","genus-22.13-s093_1","silimate","{count 560 id message:LBR/LBR-518 severity Info short {Missing a function attribute in the output pin definition.}} {count 856 id message:LBR/LBR-40 severity Info short {An unsupported construct was detected in this library.}} {count 404 id message:LBR/LBR-9 severity Warning short {Library cell has no output pins defined.}} {count 880 id message:LBR/LBR-41 severity Info short {An output library pin lacks a function attribute.}} {count 26 id message:LBR/LBR-412 severity Info short {Created nominal operating condition.}} {count 2 id message:LBR/LBR-403 severity Warning short {Ignoring unsupported lu_table_template.}} {count 16 id message:LBR/LBR-158 severity Warning short {Libcell will be treated as a timing model.}} {count 1 id message:LBR/LBR-161 severity Info short {Setting the maximum print count of this message to 10 if information_level is less than 9.}} {count 1226 id message:LBR/LBR-162 severity Info short {Both 'pos_unate' and 'neg_unate' timing_sense arcs have been processed.}} {count 2592 id message:LBR/LBR-155 severity Info short {Mismatch in unateness between 'timing_sense' attribute and the function.}} {count 160 id message:LBR/LBR-72 severity Info short {Detected an unsupported timing arc type.}} {count 264 id message:LBR/LBR-146 severity Warning short {The specified pin is invalid.}} {count 1 id message:LBR/LBR-109 severity Info short {Set default library domain.}} {count 10 id message:PHYS/PHYS-1213 severity Error short {Exception occurred while generating capacitance data from technology file.}} {count 1 id message:ELAB/ELAB-1 severity Info short {Elaborating Design.}} {count 9 id message:ELAB/ELAB-2 severity Info short {Elaborating Subdesign.}} {count 1 id message:ELAB/ELAB-3 severity Info short {Done Elaborating Design.}} {count 9 id message:CWD/CWD-19 severity Info short {An implementation was inferred.}} {count 3 id message:VLOGPT/VLOGPT-679 severity Info short {Definition of macro.}} {count 2 id message:CDFG/CDFG-250 severity Info short {Processing multi-dimensional arrays.}} {count 10 id message:CDFG/CDFG-303 severity Info short {Processing HDL design.}} {count 27 id message:CDFG/CDFG-372 severity Info short {Bitwidth mismatch in assignment.}} {count 10 id message:CDFG/CDFG-425 severity Info short {Instantiated design.}} {count 10 id message:CDFG/CDFG-426 severity Info short {Searching for library cell.}} {count 1 id message:CDFG/CDFG-478 severity Info short {Converting if statement to equivalent case statement.}} {count 11 id message:CDFG/CDFG-500 severity Info short {Unused module input port.}} {count 1 id message:CDFG/CDFG-508 severity Warning short {Removing unused register.}} {count 10 id message:CDFG/CDFG-742 severity Info short {Common subexpression elimination.}} {count 1 id message:CDFG/CDFG-755 severity Info short {Combined sum-of-products logic.}} {count 1 id message:CDFG/CDFG-769 severity Info short {Identified sum-of-products logic to be optimized during syn_generic.}} {count 2 id message:CDFG/CDFG-773 severity Info short {Skip related conditional write and read sequence.}} {count 10 id message:CDFG2G/CDFG2G-110 severity Info short {Finished processing module.}} {count 3 id message:TUI/TUI-58 severity Info short {Removed object.}} {count 11 id message:GLO/GLO-51 severity Info short {Hierarchical instance automatically ungrouped.}} {count 1 id message:TIM/TIM-1000 severity Info short {Multimode clock gating check is disabled.}} {count 1 id message:PHYS/PHYS-752 severity Info short {Partition Based Synthesis execution skipped.}} {count 1 id message:GB/GB-6 severity Info short {A datapath component has been ungrouped.}} {count 1 id message:DPOPT/DPOPT-1 severity Info short {Optimizing datapath logic.}} {count 1 id message:DPOPT/DPOPT-2 severity Info short {Done optimizing datapath logic.}} {count 1 id message:DPOPT/DPOPT-3 severity Info short {Implementing datapath configurations.}} {count 1 id message:DPOPT/DPOPT-4 severity Info short {Done implementing datapath configurations.}} {count 1 id message:DPOPT/DPOPT-6 severity Info short {Pre-processed datapath logic.}} {count 1 id message:SYNTH/SYNTH-2 severity Info short {Done synthesizing.}} {count 1 id message:SYNTH/SYNTH-1 severity Info short Synthesizing.}","{count 3 id message:TUI/TUI-58 severity Info short {Removed object.}} {count 12 id message:LBR/LBR-158 severity Warning short {Libcell will be treated as a timing model.}} {count 1944 id message:LBR/LBR-155 severity Info short {Mismatch in unateness between 'timing_sense' attribute and the function.}} {count 120 id message:LBR/LBR-72 severity Info short {Detected an unsupported timing arc type.}} {count 11 id message:GLO/GLO-51 severity Info short {Hierarchical instance automatically ungrouped.}} {count 1 id message:TIM/TIM-1000 severity Info short {Multimode clock gating check is disabled.}} {count 8 id message:PHYS/PHYS-1213 severity Error short {Exception occurred while generating capacitance data from technology file.}} {count 1 id message:PHYS/PHYS-752 severity Info short {Partition Based Synthesis execution skipped.}} {count 1 id message:GB/GB-6 severity Info short {A datapath component has been ungrouped.}} {count 1 id message:DPOPT/DPOPT-1 severity Info short {Optimizing datapath logic.}} {count 1 id message:DPOPT/DPOPT-2 severity Info short {Done optimizing datapath logic.}} {count 1 id message:DPOPT/DPOPT-3 severity Info short {Implementing datapath configurations.}} {count 1 id message:DPOPT/DPOPT-4 severity Info short {Done implementing datapath configurations.}} {count 1 id message:DPOPT/DPOPT-6 severity Info short {Pre-processed datapath logic.}} {count 1 id message:SYNTH/SYNTH-2 severity Info short {Done synthesizing.}} {count 1 id message:SYNTH/SYNTH-1 severity Info short Synthesizing.} {count 3 id message:CWD/CWD-19 severity Info short {An implementation was inferred.}}","1","1","syn_generic",,,,,,,,,,,,,,,,,,,,,,,,,,,,,,,,,,,,,,,,,,,,,"func_tt_typv_25c_typ func_tt_typv_25c_cb func_tt_typv_25c_cb_T func_tt_typv_25c_rcb func_tt_typv_25c_rcb_T func_tt_typv_25c_cw func_tt_typv_25c_cw_T func_tt_typv_25c_rcw func_tt_typv_25c_rcw_T func_tt_typv_85c_cw_T func_tt_typv_85c_rcw_T func_ssg_slowv_125c_typ func_ssg_slowv_125c_cb func_ssg_slowv_125c_cb_T func_ssg_slowv_125c_cw func_ssg_slowv_125c_cw_T func_ssg_slowv_125c_rcb func_ssg_slowv_125c_rcb_T func_ssg_slowv_125c_rcw func_ssg_slowv_125c_rcw_T func_ssg_slowv_0c_typ func_ssg_slowv_0c_cb func_ssg_slowv_0c_cb_T func_ssg_slowv_0c_cw func_ssg_slowv_0c_cw_T func_ssg_slowv_0c_rcb func_ssg_slowv_0c_rcb_T func_ssg_slowv_0c_rcw func_ssg_slowv_0c_rcw_T func_ssg_slowv_m40c_typ func_ssg_slowv_m40c_cb func_ssg_slowv_m40c_cb_T func_ssg_slowv_m40c_cw func_ssg_slowv_m40c_cw_T func_ssg_slowv_m40c_rcb func_ssg_slowv_m40c_rcb_T func_ssg_slowv_m40c_rcw func_ssg_slowv_m40c_rcw_T func_ffg_fastv_125c_typ func_ffg_fastv_125c_cb func_ffg_fastv_125c_cb_T func_ffg_fastv_125c_rcb func_ffg_fastv_125c_rcb_T func_ffg_fastv_125c_cw func_ffg_fastv_125c_cw_T func_ffg_fastv_125c_rcw func_ffg_fastv_125c_rcw_T func_ffg_fastv_0c_typ func_ffg_fastv_0c_cb func_ffg_fastv_0c_cb_T func_ffg_fastv_0c_rcb func_ffg_fastv_0c_rcb_T func_ffg_fastv_0c_cw func_ffg_fastv_0c_cw_T func_ffg_fastv_0c_rcw func_ffg_fastv_0c_rcw_T func_ffg_fastv_m40c_typ func_ffg_fastv_m40c_cb func_ffg_fastv_m40c_cb_T func_ffg_fastv_m40c_rcb func_ffg_fastv_m40c_rcb_T func_ffg_fastv_m40c_cw func_ffg_fastv_m40c_cw_T func_ffg_fastv_m40c_rcw func_ffg_fastv_m40c_rcw_T","65",,,,,,,"func_tt_typv_25c_typ func_tt_typv_25c_cw_T func_tt_typv_25c_rcw_T func_ssg_slowv_m40c_cw_T func_ssg_slowv_m40c_rcw_T","5","func_tt_typv_25c_typ func_tt_typv_25c_cw_T func_tt_typv_25c_rcw_T func_ssg_slowv_m40c_cw_T func_ssg_slowv_m40c_rcw_T","5",,,,,,,,,,,,,,,,,,,,,,,,,,,,,,,,,,,,,,,,,,,,,,,,,,,,,,,,,,,,,,,,,,,,,,,,,,,,,,,,,,,,,,,,,,,,,,,,,"b2cd4fd9-e173-4274-bb07-b7f69f63d344"
"","report_synth/report_start","","",,,,,,,,,,,,,,,,,,,,,,,,,,,,,,,,,,,,,,,,,,,,,,,,,,,,"gcd",,,,"default","167","167","366","167","167","366",,"rc /app/share/build/gcd-genus-syn/cadence-genus-syn-generic-1699496753680/dbs/syn_generic.init_design.db gcd {}",,,"/app/share/build/gcd-genus-syn/cadence-genus-syn-metrics-1699501445634/outputs/syn_metrics.log","cadence-genus-syn-metrics-1699501445634-ub2oim8y","2899.978 Mhz","Intel(R) Xeon(R) Platinum 8375C CPU @ 2.90GHz","8","cadence-genus-syn-metrics-1699501445634-ub2oim8y","6.9","2731636 kB","15991180 kB","Linux 3.10.0-1160.36.2.el7.x86_64","31859324 kB","33554428 kB","1199 MB","1199 MB","1199 MB","1199 MB","2341 MB","2341 MB","65","65","1699509396.0 1699509461.0","{1699509396.0 1699509461.0}","159",,"/app/share/build/gcd-genus-syn/cadence-genus-syn-metrics-1699501445634","","block","Genus(TM) Synthesis Solution","genus","22.13-s093_1","genus-22.13-s093_1","silimate","{count 560 id message:LBR/LBR-518 severity Info short {Missing a function attribute in the output pin definition.}} {count 856 id message:LBR/LBR-40 severity Info short {An unsupported construct was detected in this library.}} {count 404 id message:LBR/LBR-9 severity Warning short {Library cell has no output pins defined.}} {count 880 id message:LBR/LBR-41 severity Info short {An output library pin lacks a function attribute.}} {count 26 id message:LBR/LBR-412 severity Info short {Created nominal operating condition.}} {count 2 id message:LBR/LBR-403 severity Warning short {Ignoring unsupported lu_table_template.}} {count 4 id message:LBR/LBR-158 severity Warning short {Libcell will be treated as a timing model.}} {count 1 id message:LBR/LBR-161 severity Info short {Setting the maximum print count of this message to 10 if information_level is less than 9.}} {count 1226 id message:LBR/LBR-162 severity Info short {Both 'pos_unate' and 'neg_unate' timing_sense arcs have been processed.}} {count 648 id message:LBR/LBR-155 severity Info short {Mismatch in unateness between 'timing_sense' attribute and the function.}} {count 40 id message:LBR/LBR-72 severity Info short {Detected an unsupported timing arc type.}} {count 264 id message:LBR/LBR-146 severity Warning short {The specified pin is invalid.}} {count 1 id message:LBR/LBR-109 severity Info short {Set default library domain.}} {count 4 id message:PHYS/PHYS-1213 severity Error short {Exception occurred while generating capacitance data from technology file.}}","{count 560 id message:LBR/LBR-518 severity Info short {Missing a function attribute in the output pin definition.}} {count 856 id message:LBR/LBR-40 severity Info short {An unsupported construct was detected in this library.}} {count 404 id message:LBR/LBR-9 severity Warning short {Library cell has no output pins defined.}} {count 880 id message:LBR/LBR-41 severity Info short {An output library pin lacks a function attribute.}} {count 26 id message:LBR/LBR-412 severity Info short {Created nominal operating condition.}} {count 2 id message:LBR/LBR-403 severity Warning short {Ignoring unsupported lu_table_template.}} {count 4 id message:LBR/LBR-158 severity Warning short {Libcell will be treated as a timing model.}} {count 1 id message:LBR/LBR-161 severity Info short {Setting the maximum print count of this message to 10 if information_level is less than 9.}} {count 1226 id message:LBR/LBR-162 severity Info short {Both 'pos_unate' and 'neg_unate' timing_sense arcs have been processed.}} {count 648 id message:LBR/LBR-155 severity Info short {Mismatch in unateness between 'timing_sense' attribute and the function.}} {count 40 id message:LBR/LBR-72 severity Info short {Detected an unsupported timing arc type.}} {count 264 id message:LBR/LBR-146 severity Warning short {The specified pin is invalid.}} {count 1 id message:LBR/LBR-109 severity Info short {Set default library domain.}} {count 4 id message:PHYS/PHYS-1213 severity Error short {Exception occurred while generating capacitance data from technology file.}}","1","1","report_start",,,,,,,,,,,,,,,,,,,,,,,,,,,,,,,,,,,,,,,,,,,,,,,,,,,,,,,,,,,,,,,,,,,,,,,,,,,,,,,,,,,,,,,,,,,,,,,,,,,,,,,,,,,,,,,,,,,,,,,,,,,,,,,,,,,,,,,,,,,,,,,,,,,,,,,,,"cbc8ca73-32d9-4997-b9d9-969043d99fef"
"","report_synth/init_genus","","",,,,,,,,,,,,,,,,,,,,,,,,,,,,,,,,,,,,,,,,,,,,,,,,,,,,"gcd",,,,"default","0","0","366","0","0","366",,"rc /app/share/build/gcd-genus-syn/cadence-genus-syn-generic-1699496753680/dbs/syn_generic.init_design.db gcd {}",,,"/app/share/build/gcd-genus-syn/cadence-genus-syn-metrics-1699501445634/outputs/syn_metrics.log","cadence-genus-syn-metrics-1699501445634-ub2oim8y","2899.978 Mhz","Intel(R) Xeon(R) Platinum 8375C CPU @ 2.90GHz","8","cadence-genus-syn-metrics-1699501445634-ub2oim8y","6.9","2743960 kB","15991180 kB","Linux 3.10.0-1160.36.2.el7.x86_64","31859324 kB","33554428 kB","1197 MB","1197 MB","1197 MB","1197 MB","2341 MB","2341 MB","0","0","1699509461.0 1699509461.0","{1699509461.0 1699509461.0}","159",,"/app/share/build/gcd-genus-syn/cadence-genus-syn-metrics-1699501445634","# Timing attributes  [get_db -category tim]
  #-------------------------------------------------------------------------------
  set_db ocv_mode                         true
  # Optimization attributes  [get_db -category netlist]
  #-------------------------------------------------------------------------------
  
  # Datapath attributes  [get_db -category dp]
  #-------------------------------------------------------------------------------
  
  # Leakage Power attributes  [get_db -category lp_opt lib_ui]
  #-------------------------------------------------------------------------------
  
  # Physical Synthesis attributes  [get_db -category phys]
  #-------------------------------------------------------------------------------
  set_db design_process_node              22","block","Genus(TM) Synthesis Solution","genus","22.13-s093_1","genus-22.13-s093_1","silimate",,,"1","1","init_genus",,,,,,,,,,,,,,,,,,,,,,,,,,,,,,,,,,,,,,,,,,,,,,,,,,,,,,,,,,,,,,,,,,,,,,,,,,,,,,,,,,,,,,,,,,,,,,,,,,,,,,,,,,,,,,,,,,,,,,,,,,,,,,,,,,,,,,,,,,,,,,,,,,,,,,,,,"934da9c5-8bda-4d8c-aaf7-71a5c6106a70"
"","report_synth/report_area_genus","","","494.017",,,,,,,,,,,,,,,,,,,"0.00","0.00","494.017458","494.017458","0.00","0.00","100.00","100.00",,"482",,,,,,,,,,,,,,,,,,,,,,,"gcd",,,,"default","0","0","366","0","0","366",,"rc /app/share/build/gcd-genus-syn/cadence-genus-syn-generic-1699496753680/dbs/syn_generic.init_design.db gcd {}","1",,"/app/share/build/gcd-genus-syn/cadence-genus-syn-metrics-1699501445634/outputs/syn_metrics.log","cadence-genus-syn-metrics-1699501445634-ub2oim8y","2899.978 Mhz","Intel(R) Xeon(R) Platinum 8375C CPU @ 2.90GHz","8","cadence-genus-syn-metrics-1699501445634-ub2oim8y","6.9","2742100 kB","15991180 kB","Linux 3.10.0-1160.36.2.el7.x86_64","31859324 kB","33554428 kB","1197 MB","1197 MB","1197 MB","1197 MB","2341 MB","2341 MB","1","1","1699509461.0 1699509462.0","{1699509461.0 1699509462.0}","160",,"/app/share/build/gcd-genus-syn/cadence-genus-syn-metrics-1699501445634","report_area -min_count 1000 > [file join [get_db flow_report_directory] [get_db flow_report_name] [get_db flow_report_prefix]area.summary.rpt]
  report_dp                   > [file join [get_db flow_report_directory] [get_db flow_report_name] [get_db flow_report_prefix]area.datapath.rpt]","block","Genus(TM) Synthesis Solution","genus","22.13-s093_1","genus-22.13-s093_1","silimate","{count 1 id message:RPT/RPT-80 severity Warning short {The details given in report might be incorrect or incomplete.}} {count 1 id message:RPT_DP/RPT_DP-100 severity Warning short {The filename, column and line number information will not be available in the report.}}","{count 1 id message:RPT/RPT-80 severity Warning short {The details given in report might be incorrect or incomplete.}} {count 1 id message:RPT_DP/RPT_DP-100 severity Warning short {The filename, column and line number information will not be available in the report.}}","1","1","report_area_genus",,,,,,,,,,,,,,,,,,,"func_tt_typv_25c_typ",,,,,,,,,,,,,"func_tt_typv_25c_typ",,,,,,,,,,,,,"func_tt_typv_25c_typ func_tt_typv_25c_cb func_tt_typv_25c_cb_T func_tt_typv_25c_rcb func_tt_typv_25c_rcb_T func_tt_typv_25c_cw func_tt_typv_25c_cw_T func_tt_typv_25c_rcw func_tt_typv_25c_rcw_T func_tt_typv_85c_cw_T func_tt_typv_85c_rcw_T func_ssg_slowv_125c_typ func_ssg_slowv_125c_cb func_ssg_slowv_125c_cb_T func_ssg_slowv_125c_cw func_ssg_slowv_125c_cw_T func_ssg_slowv_125c_rcb func_ssg_slowv_125c_rcb_T func_ssg_slowv_125c_rcw func_ssg_slowv_125c_rcw_T func_ssg_slowv_0c_typ func_ssg_slowv_0c_cb func_ssg_slowv_0c_cb_T func_ssg_slowv_0c_cw func_ssg_slowv_0c_cw_T func_ssg_slowv_0c_rcb func_ssg_slowv_0c_rcb_T func_ssg_slowv_0c_rcw func_ssg_slowv_0c_rcw_T func_ssg_slowv_m40c_typ func_ssg_slowv_m40c_cb func_ssg_slowv_m40c_cb_T func_ssg_slowv_m40c_cw func_ssg_slowv_m40c_cw_T func_ssg_slowv_m40c_rcb func_ssg_slowv_m40c_rcb_T func_ssg_slowv_m40c_rcw func_ssg_slowv_m40c_rcw_T func_ffg_fastv_125c_typ func_ffg_fastv_125c_cb func_ffg_fastv_125c_cb_T func_ffg_fastv_125c_rcb func_ffg_fastv_125c_rcb_T func_ffg_fastv_125c_cw func_ffg_fastv_125c_cw_T func_ffg_fastv_125c_rcw func_ffg_fastv_125c_rcw_T func_ffg_fastv_0c_typ func_ffg_fastv_0c_cb func_ffg_fastv_0c_cb_T func_ffg_fastv_0c_rcb func_ffg_fastv_0c_rcb_T func_ffg_fastv_0c_cw func_ffg_fastv_0c_cw_T func_ffg_fastv_0c_rcw func_ffg_fastv_0c_rcw_T func_ffg_fastv_m40c_typ func_ffg_fastv_m40c_cb func_ffg_fastv_m40c_cb_T func_ffg_fastv_m40c_rcb func_ffg_fastv_m40c_rcb_T func_ffg_fastv_m40c_cw func_ffg_fastv_m40c_cw_T func_ffg_fastv_m40c_rcw func_ffg_fastv_m40c_rcw_T","65",,,,"func_ssg_slowv_125c_cw func_ssg_slowv_125c_rcw func_ssg_slowv_0c_cw func_ssg_slowv_0c_rcw func_ssg_slowv_m40c_cw func_ssg_slowv_m40c_rcw func_ffg_fastv_125c_cb func_ffg_fastv_125c_rcb func_ffg_fastv_125c_cw func_ffg_fastv_125c_rcw func_ffg_fastv_0c_cb func_ffg_fastv_0c_rcb func_ffg_fastv_0c_cw func_ffg_fastv_0c_rcw func_ffg_fastv_m40c_cb func_ffg_fastv_m40c_rcb func_ffg_fastv_m40c_cw func_ffg_fastv_m40c_rcw","18","func_tt_typv_25c_typ func_tt_typv_25c_cw_T func_tt_typv_25c_rcw_T func_ssg_slowv_m40c_cw_T func_ssg_slowv_m40c_rcw_T",,,,,"5",,,,,,,,,,,,,,,,,,,,,,,,,,,,,,,,,,,,,,,,,,,,,,,,,,,,,,,,,,,,,,,,,,,,,,,,,,,,,,,,,,,,,,,,,,,,,,,,"6d1f9611-7a53-481a-bdf2-50492cdf76d5"
"","report_synth/report_late_summary_genus","","",,,,,,,,,,,,,,,,,,,,,,,,,,,,,,,,,,,,,,,,,,,,,,,,,,,,"gcd",,,,"default","2","2","368","2","2","368",,"rc /app/share/build/gcd-genus-syn/cadence-genus-syn-generic-1699496753680/dbs/syn_generic.init_design.db gcd {}","1",,"/app/share/build/gcd-genus-syn/cadence-genus-syn-metrics-1699501445634/outputs/syn_metrics.log","cadence-genus-syn-metrics-1699501445634-ub2oim8y","2899.978 Mhz","Intel(R) Xeon(R) Platinum 8375C CPU @ 2.90GHz","8","cadence-genus-syn-metrics-1699501445634-ub2oim8y","6.82","2730984 kB","15991180 kB","Linux 3.10.0-1160.36.2.el7.x86_64","31859324 kB","33554428 kB","1206 MB","1206 MB","1206 MB","1206 MB","2341 MB","2341 MB","2","2","1699509462.0 1699509464.0","{1699509462.0 1699509464.0}","161",,"/app/share/build/gcd-genus-syn/cadence-genus-syn-metrics-1699501445634","report_timing_summary -checks {setup drv} > [file join [get_db flow_report_directory] [get_db flow_report_name] [get_db flow_report_prefix]setup.analysis_summary.rpt]
  report_timing_summary -checks {setup drv} -expand_views > [file join [get_db flow_report_directory] [get_db flow_report_name] [get_db flow_report_prefix]setup.view_summary.rpt]
  report_timing_summary -checks {setup drv} -expand_views -expand_clocks launch_capture  > [file join [get_db flow_report_directory] [get_db flow_report_name] [get_db flow_report_prefix]setup.group_summary.rpt]
  set_metric -name timing.setup.type -value gba
  report_qor > [file join [get_db flow_report_directory] [get_db flow_report_name] [get_db flow_report_prefix]qor.rpt]","block","Genus(TM) Synthesis Solution","genus","22.13-s093_1","genus-22.13-s093_1","silimate","{count 6 id message:MESG/MESG-10 severity Warning short {Unknown message ID.}} {count 20 id message:TUI/TUI-58 severity Info short {Removed object.}} {count 1 id message:TIM/TIM-1000 severity Info short {Multimode clock gating check is disabled.}} {count 2 id message:TIM/TIM-11 severity Warning short {Timing problems have been detected in this design.}}","{count 6 id message:MESG/MESG-10 severity Warning short {Unknown message ID.}} {count 20 id message:TUI/TUI-58 severity Info short {Removed object.}} {count 1 id message:TIM/TIM-1000 severity Info short {Multimode clock gating check is disabled.}} {count 2 id message:TIM/TIM-11 severity Warning short {Timing problems have been detected in this design.}}","1","1","report_late_summary_genus",,,,,,,,,,,,,,,,,,,,,,,,,,,,,,,,,,,,,,,,,,,,,,,"0.0 ff","0.000","0.0 ps",,,,,,,,,"43","43","43","0","0","0","N/A","N/A","N/A","N/A","N/A","N/A","0","0","0","0","0","0","11","11","11","0","0","0","32","32","32","0","0","0","-2726.0 ps","-2726.0 ps","-2726.0 ps","-0.0 ps","-0.0 ps","-0.0 ps","N/A ps","N/A ps","N/A ps","N/A ps","N/A ps","N/A ps","0.0 ps","0.0 ps","0.0 ps","0.0 ps","0.0 ps","0.0 ps","-570.8 ps","-570.8 ps","-570.8 ps","0.0 ps","0.0 ps","0.0 ps","-2155.2 ps","-2155.2 ps","-2155.2 ps","0.0 ps","0.0 ps","0.0 ps","gba","-68.9 ps","-68.9 ps","-68.9 ps","147.5 ps","147.5 ps","147.5 ps","N/A ps","N/A ps","N/A ps","N/A ps","N/A ps","N/A ps","245.0 ps","245.0 ps","245.0 ps","288.1 ps","288.1 ps","288.1 ps","-62.9 ps","-62.9 ps","-62.9 ps","147.5 ps","147.5 ps","147.5 ps","-68.9 ps","-68.9 ps","-68.9 ps","173.9 ps","173.9 ps","173.9 ps","core_clock","1.8907165815844207 GHz","core_clock","func_ssg_slowv_m40c_rcw_T","0beabf12-f03d-46c0-abc5-b5b82d35b7f9"
"","report_synth/report_late_paths","","",,,,,,,,,,,,,,,,,,,,,,,,,,,,,,,,,,,,,,,,,,,,,,,,,,,,"gcd",,,,"default","1","1","367","1","1","367",,"rc /app/share/build/gcd-genus-syn/cadence-genus-syn-generic-1699496753680/dbs/syn_generic.init_design.db gcd {}","1",,"/app/share/build/gcd-genus-syn/cadence-genus-syn-metrics-1699501445634/outputs/syn_metrics.log","cadence-genus-syn-metrics-1699501445634-ub2oim8y","2899.978 Mhz","Intel(R) Xeon(R) Platinum 8375C CPU @ 2.90GHz","8","cadence-genus-syn-metrics-1699501445634-ub2oim8y","6.82","2702696 kB","15991180 kB","Linux 3.10.0-1160.36.2.el7.x86_64","31859324 kB","33554428 kB","1223 MB","1223 MB","1223 MB","1223 MB","2341 MB","2341 MB","1","1","1699509464.0 1699509465.0","{1699509464.0 1699509465.0}","160",,"/app/share/build/gcd-genus-syn/cadence-genus-syn-metrics-1699501445634","#- Reports that show detailed timing with Graph Based Analysis (GBA)
  report_timing -max_paths 5   -nworst 1 -path_type endpoint        > [file join [get_db flow_report_directory] [get_db flow_report_name] setup.endpoint.rpt]
  report_timing -max_paths 1   -nworst 1 -path_type full_clock -net > [file join [get_db flow_report_directory] [get_db flow_report_name] setup.worst.rpt]
  report_timing -max_paths 500 -nworst 1 -path_type full_clock      > [file join [get_db flow_report_directory] [get_db flow_report_name] setup.gba.rpt]","block","Genus(TM) Synthesis Solution","genus","22.13-s093_1","genus-22.13-s093_1","silimate","{count 3 id message:TIM/TIM-11 severity Warning short {Timing problems have been detected in this design.}} {count 1 id message:CHKTIM/CHKTIM-19 severity Warning short {Violating paths are less than num_paths/max_paths.}}","{count 3 id message:TIM/TIM-11 severity Warning short {Timing problems have been detected in this design.}} {count 1 id message:CHKTIM/CHKTIM-19 severity Warning short {Violating paths are less than num_paths/max_paths.}}","1","1","report_late_paths",,,,,,,,,,,,,,,,,,,,,,,,,,,,,,,,,,,,,,,,,,,,,,,,,,,,,,,,,,,,,,,,,,,,,,,,,,,,,,,,,,,,,,,,,,,,,,,,,,,,,,,,,,,,,,,,,,,,,,,,,,,,,,,,,,,,,,,,,,,,,,,,,,,,,,,,,"97d67871-3187-47dd-b345-a1455108d012"
"","report_synth/report_power_genus","","",,,,,,,,,,,,,,,,,,,,,,,,,,,,,,,,,,,,,,,,,,,,,,,,,,,,"gcd",,,,"default","1","1","367","1","1","367",,"rc /app/share/build/gcd-genus-syn/cadence-genus-syn-generic-1699496753680/dbs/syn_generic.init_design.db gcd {}","1",,"/app/share/build/gcd-genus-syn/cadence-genus-syn-metrics-1699501445634/outputs/syn_metrics.log","cadence-genus-syn-metrics-1699501445634-ub2oim8y","2899.978 Mhz","Intel(R) Xeon(R) Platinum 8375C CPU @ 2.90GHz","8","cadence-genus-syn-metrics-1699501445634-ub2oim8y","6.82","2699804 kB","15991180 kB","Linux 3.10.0-1160.36.2.el7.x86_64","31859324 kB","33554428 kB","1254 MB","1254 MB","1254 MB","1254 MB","2341 MB","2341 MB","0","0","1699509465.0 1699509465.0","{1699509465.0 1699509465.0}","159",,"/app/share/build/gcd-genus-syn/cadence-genus-syn-metrics-1699501445634","report_gates -power   > [file join [get_db flow_report_directory] [get_db flow_report_name] [get_db flow_report_prefix]power.all.rpt]
  report_clock_gating   > [file join [get_db flow_report_directory]/[get_db flow_report_name] [get_db flow_report_prefix]power.clock_gating.rpt]
  report_power -by_category > [file join [get_db flow_report_directory]/[get_db flow_report_name] [get_db flow_report_prefix]power.design.rpt]","block","Genus(TM) Synthesis Solution","genus","22.13-s093_1","genus-22.13-s093_1","silimate","{count 1 id message:TUI/TUI-42 severity Warning short {This command option will be obsolete in a next major release.}} {count 2 id message:RPT/RPT-16 severity Info short {Joules engine is used.}} {count 1 id message:RPT_CG/RPT_CG-12 severity Warning short {Potential error generating clock gating report.}}","{count 1 id message:TUI/TUI-42 severity Warning short {This command option will be obsolete in a next major release.}} {count 2 id message:RPT/RPT-16 severity Info short {Joules engine is used.}} {count 1 id message:RPT_CG/RPT_CG-12 severity Warning short {Potential error generating clock gating report.}}","1","1","report_power_genus","89948.83885100008 nW","0.0","0","0","0","0","0","0.0","0","0","0","0.0","0","34","1.0","34","1.0","89915.50005100007 nW","func_tt_typv_25c_typ","37716.790809000006 nW","0 nW","0 nW","52198.70924200001 nW","joules","89915.50005100007 nW","0.000089916 W","37716.790809000006 nW","0 nW","0 nW","52198.70924200001 nW","33.33880000000066 nW","func_tt_typv_25c_typ","0.000000033 W","1.5942580000000066 nW","0 nW","0 nW","31.74454199999998 nW","0.0 nW","0.000000000 W","0.0 nW","0 nW","0 nW","0.0 nW","0.000089949 W",,,,,,,,,,,,,,,,,,,,,,,,,,,,,,,,,,,,,,,,,,,,,,,,,,,,,,,,,,,,,,,,,,,,,,,,,,,,,,,,,,,,,,,,,,,,,,,,,,,,,,,,,,,,,"68ed96ff-48ef-46e6-84f2-e5f2d61afe14"
"","report_synth/report_finish","","",,,,,,,,,,,,,,,,,,,,,,,,,,,,,,,,,,,,,,,,,,,,,,,,,,,,"gcd",,,,"default","0","0","366","0","0","366",,"rc /app/share/build/gcd-genus-syn/cadence-genus-syn-generic-1699496753680/dbs/syn_generic.init_design.db gcd {}",,,"/app/share/build/gcd-genus-syn/cadence-genus-syn-metrics-1699501445634/outputs/syn_metrics.log","cadence-genus-syn-metrics-1699501445634-ub2oim8y","2899.978 Mhz","Intel(R) Xeon(R) Platinum 8375C CPU @ 2.90GHz","8","cadence-genus-syn-metrics-1699501445634-ub2oim8y","6.82","2700588 kB","15991180 kB","Linux 3.10.0-1160.36.2.el7.x86_64","31859324 kB","33554428 kB","1253 MB","1253 MB","1253 MB","1253 MB","2341 MB","2341 MB","1","1","1699509465.0 1699509466.0","{1699509465.0 1699509466.0}","160",,"/app/share/build/gcd-genus-syn/cadence-genus-syn-metrics-1699501445634","","block","Genus(TM) Synthesis Solution","genus","22.13-s093_1","genus-22.13-s093_1","silimate",,,"1","1","report_finish",,,,,,,,,,,,,,,,,,,,,,,,,,,,,,,,,,,,,,,,,,,,,,,,,,,,,,,,,,,,,,,,,,,,,,,,,,,,,,,,,,,,,,,,,,,,,,,,,,,,,,,,,,,,,,,,,,,,,,,,,,,,,,,,,,,,,,,,,,,,,,,,,,,,,,,,,"d02825e0-eb56-4578-b888-2fef11fb736a"
"","report_synth","","","494.017",,,,,,,,,,,,,,,,,,,"0.00","0.00","494.017458","494.017458","0.00","0.00","100.00","100.00",,"482",,,,,,,,,,,,,,,,,,,,,,,"gcd",,,,"default","167","0","366","167","0","366",,"rc /app/share/build/gcd-genus-syn/cadence-genus-syn-generic-1699496753680/dbs/syn_generic.init_design.db gcd {}",,"report_finish","/app/share/build/gcd-genus-syn/cadence-genus-syn-metrics-1699501445634/outputs/syn_metrics.log","cadence-genus-syn-metrics-1699501445634-ub2oim8y","2899.978 Mhz","Intel(R) Xeon(R) Platinum 8375C CPU @ 2.90GHz","8","cadence-genus-syn-metrics-1699501445634-ub2oim8y","6.9","2700588 kB","15991180 kB","Linux 3.10.0-1160.36.2.el7.x86_64","31859324 kB","33554428 kB","1254 MB","1199 MB","1254 MB","1199 MB","2341 MB","2341 MB","66","0","1699509461.0 1699509461.0","{1699509396.0 1699509461.0} {1699509465.0 1699509466.0}","160",,"/app/share/build/gcd-genus-syn/cadence-genus-syn-metrics-1699501445634",,"block","Genus(TM) Synthesis Solution","genus","22.13-s093_1","genus-22.13-s093_1","silimate","{count 560 id message:LBR/LBR-518 severity Info short {Missing a function attribute in the output pin definition.}} {count 856 id message:LBR/LBR-40 severity Info short {An unsupported construct was detected in this library.}} {count 404 id message:LBR/LBR-9 severity Warning short {Library cell has no output pins defined.}} {count 880 id message:LBR/LBR-41 severity Info short {An output library pin lacks a function attribute.}} {count 26 id message:LBR/LBR-412 severity Info short {Created nominal operating condition.}} {count 2 id message:LBR/LBR-403 severity Warning short {Ignoring unsupported lu_table_template.}} {count 4 id message:LBR/LBR-158 severity Warning short {Libcell will be treated as a timing model.}} {count 1 id message:LBR/LBR-161 severity Info short {Setting the maximum print count of this message to 10 if information_level is less than 9.}} {count 1226 id message:LBR/LBR-162 severity Info short {Both 'pos_unate' and 'neg_unate' timing_sense arcs have been processed.}} {count 648 id message:LBR/LBR-155 severity Info short {Mismatch in unateness between 'timing_sense' attribute and the function.}} {count 40 id message:LBR/LBR-72 severity Info short {Detected an unsupported timing arc type.}} {count 264 id message:LBR/LBR-146 severity Warning short {The specified pin is invalid.}} {count 1 id message:LBR/LBR-109 severity Info short {Set default library domain.}} {count 4 id message:PHYS/PHYS-1213 severity Error short {Exception occurred while generating capacitance data from technology file.}} {count 1 id message:RPT/RPT-80 severity Warning short {The details given in report might be incorrect or incomplete.}} {count 1 id message:RPT_DP/RPT_DP-100 severity Warning short {The filename, column and line number information will not be available in the report.}} {count 6 id message:MESG/MESG-10 severity Warning short {Unknown message ID.}} {count 20 id message:TUI/TUI-58 severity Info short {Removed object.}} {count 1 id message:TIM/TIM-1000 severity Info short {Multimode clock gating check is disabled.}} {count 5 id message:TIM/TIM-11 severity Warning short {Timing problems have been detected in this design.}} {count 1 id message:CHKTIM/CHKTIM-19 severity Warning short {Violating paths are less than num_paths/max_paths.}} {count 1 id message:TUI/TUI-42 severity Warning short {This command option will be obsolete in a next major release.}} {count 2 id message:RPT/RPT-16 severity Info short {Joules engine is used.}} {count 1 id message:RPT_CG/RPT_CG-12 severity Warning short {Potential error generating clock gating report.}}","{count 1 id message:TUI/TUI-42 severity Warning short {This command option will be obsolete in a next major release.}} {count 2 id message:RPT/RPT-16 severity Info short {Joules engine is used.}} {count 1 id message:RPT_CG/RPT_CG-12 severity Warning short {Potential error generating clock gating report.}}","1","1","report_synth","89948.83885100008 nW","0.0","0","0","0","0","0","0.0","0","0","0","0.0","0","34","1.0","34","1.0","89915.50005100007 nW","func_tt_typv_25c_typ","37716.790809000006 nW","0 nW","0 nW","52198.70924200001 nW","joules","89915.50005100007 nW","0.000089916 W","37716.790809000006 nW","0 nW","0 nW","52198.70924200001 nW","33.33880000000066 nW","func_tt_typv_25c_typ","0.000000033 W","1.5942580000000066 nW","0 nW","0 nW","31.74454199999998 nW","0.0 nW","0.000000000 W","0.0 nW","0 nW","0 nW","0.0 nW","0.000089949 W","func_tt_typv_25c_typ func_tt_typv_25c_cb func_tt_typv_25c_cb_T func_tt_typv_25c_rcb func_tt_typv_25c_rcb_T func_tt_typv_25c_cw func_tt_typv_25c_cw_T func_tt_typv_25c_rcw func_tt_typv_25c_rcw_T func_tt_typv_85c_cw_T func_tt_typv_85c_rcw_T func_ssg_slowv_125c_typ func_ssg_slowv_125c_cb func_ssg_slowv_125c_cb_T func_ssg_slowv_125c_cw func_ssg_slowv_125c_cw_T func_ssg_slowv_125c_rcb func_ssg_slowv_125c_rcb_T func_ssg_slowv_125c_rcw func_ssg_slowv_125c_rcw_T func_ssg_slowv_0c_typ func_ssg_slowv_0c_cb func_ssg_slowv_0c_cb_T func_ssg_slowv_0c_cw func_ssg_slowv_0c_cw_T func_ssg_slowv_0c_rcb func_ssg_slowv_0c_rcb_T func_ssg_slowv_0c_rcw func_ssg_slowv_0c_rcw_T func_ssg_slowv_m40c_typ func_ssg_slowv_m40c_cb func_ssg_slowv_m40c_cb_T func_ssg_slowv_m40c_cw func_ssg_slowv_m40c_cw_T func_ssg_slowv_m40c_rcb func_ssg_slowv_m40c_rcb_T func_ssg_slowv_m40c_rcw func_ssg_slowv_m40c_rcw_T func_ffg_fastv_125c_typ func_ffg_fastv_125c_cb func_ffg_fastv_125c_cb_T func_ffg_fastv_125c_rcb func_ffg_fastv_125c_rcb_T func_ffg_fastv_125c_cw func_ffg_fastv_125c_cw_T func_ffg_fastv_125c_rcw func_ffg_fastv_125c_rcw_T func_ffg_fastv_0c_typ func_ffg_fastv_0c_cb func_ffg_fastv_0c_cb_T func_ffg_fastv_0c_rcb func_ffg_fastv_0c_rcb_T func_ffg_fastv_0c_cw func_ffg_fastv_0c_cw_T func_ffg_fastv_0c_rcw func_ffg_fastv_0c_rcw_T func_ffg_fastv_m40c_typ func_ffg_fastv_m40c_cb func_ffg_fastv_m40c_cb_T func_ffg_fastv_m40c_rcb func_ffg_fastv_m40c_rcb_T func_ffg_fastv_m40c_cw func_ffg_fastv_m40c_cw_T func_ffg_fastv_m40c_rcw func_ffg_fastv_m40c_rcw_T","65","0.0 ff","0.000","0.0 ps","func_ssg_slowv_125c_cw func_ssg_slowv_125c_rcw func_ssg_slowv_0c_cw func_ssg_slowv_0c_rcw func_ssg_slowv_m40c_cw func_ssg_slowv_m40c_rcw func_ffg_fastv_125c_cb func_ffg_fastv_125c_rcb func_ffg_fastv_125c_cw func_ffg_fastv_125c_rcw func_ffg_fastv_0c_cb func_ffg_fastv_0c_rcb func_ffg_fastv_0c_cw func_ffg_fastv_0c_rcw func_ffg_fastv_m40c_cb func_ffg_fastv_m40c_rcb func_ffg_fastv_m40c_cw func_ffg_fastv_m40c_rcw","18","func_tt_typv_25c_typ func_tt_typv_25c_cw_T func_tt_typv_25c_rcw_T func_ssg_slowv_m40c_cw_T func_ssg_slowv_m40c_rcw_T",,,,,"5","43","43","43","0","0","0","N/A","N/A","N/A","N/A","N/A","N/A","0","0","0","0","0","0","11","11","11","0","0","0","32","32","32","0","0","0","-2726.0 ps","-2726.0 ps","-2726.0 ps","-0.0 ps","-0.0 ps","-0.0 ps","N/A ps","N/A ps","N/A ps","N/A ps","N/A ps","N/A ps","0.0 ps","0.0 ps","0.0 ps","0.0 ps","0.0 ps","0.0 ps","-570.8 ps","-570.8 ps","-570.8 ps","0.0 ps","0.0 ps","0.0 ps","-2155.2 ps","-2155.2 ps","-2155.2 ps","0.0 ps","0.0 ps","0.0 ps","gba","-68.9 ps","-68.9 ps","-68.9 ps","147.5 ps","147.5 ps","147.5 ps","N/A ps","N/A ps","N/A ps","N/A ps","N/A ps","N/A ps","245.0 ps","245.0 ps","245.0 ps","288.1 ps","288.1 ps","288.1 ps","-62.9 ps","-62.9 ps","-62.9 ps","147.5 ps","147.5 ps","147.5 ps","-68.9 ps","-68.9 ps","-68.9 ps","173.9 ps","173.9 ps","173.9 ps","core_clock","1.8907165815844207 GHz","core_clock","func_ssg_slowv_m40c_rcw_T","e0e81946-f4c5-49e8-a477-11d19f126bdf"
